home_team_name,away_team_name,home_wins,year,stadium_name,city,attendance,capacity,league
Phoenix Coyotes,Tampa Bay Lightning,0,2003,America West Arena,"Phoenix, Arizona",,"18,422",NHL
Tampa Bay Lightning,Buffalo Sabres,1,2013,Tampa Bay Times Forum,"Tampa Bay, Florida",,"21,500",NHL
Toronto Maple Leafs,Washington Capitals,0,2017,Air Canada Centre,"Toronto, Ontario",,"19,800",NHL
Phoenix Coyotes,Vancouver Canucks,1,2009,Jobing.com Arena,"Phoenix, Arizona",,"18,300",NHL
Edmonton Oilers,Calgary Flames,0,2007,Rexall Place,"Edmonton, Alberta",,"17,100",NHL
Columbus Blue Jackets,Calgary Flames,1,2009,Nationwide Arena,"Columbus, Ohio",,"18,500",NHL
Phoenix Coyotes,Anaheim Ducks,1,2005,Glendale Arena,"Phoenix, Arizona",,"18,300",NHL
Chicago Blackhawks,Boston Bruins,0,2019,Notre Dame Stadium,"Chicago, Illinois",,"77,622",NHL
Philadelphia Flyers,Ottawa Senators,0,2018,Wells Fargo Center,"Philadelphia, Pennsylvania",,"20,306",NHL
Philadelphia Flyers,Washington Capitals,1,2006,Wachovia Center,"Philadelphia, Pennsylvania",,"20,306",NHL
Edmonton Oilers,Chicago Blackhawks,1,2020,Rogers Place,"Edmonton, Alberta",,"18,500",NHL
Minnesota Wild,Edmonton Oilers,1,2019,Xcel Energy Center,"Saint Paul, Minnesota",,"20,554",NHL
Philadelphia Flyers,Atlanta Thrashers,1,2008,Wachovia Center,"Philadelphia, Pennsylvania",,"20,306",NHL
NY Rangers Rangers,Carolina Hurricanes,1,2019,Madison Square Garden,"New York, New York",,"20,789",NHL
Vancouver Canucks,Toronto Maple Leafs,1,2019,Rogers Arena,"Vancouver, British Columbia",,"19,700",NHL
Anaheim Ducks,Dallas Stars,0,2020,Honda Center,"Anaheim, California",,"18,336",NHL
New Jersey Devils,Tampa Bay Lightning,1,2008,Prudential Center,"Newark, New Jersey",,"19,500",NHL
Chicago Blackhawks,Phoenix Coyotes,0,2013,United Center,"Chicago, Illinois",,"23,500",NHL
Vancouver Canucks,Phoenix Coyotes,0,2003,General Motors Place,"Vancouver, British Columbia",,"19,700",NHL
St Louis Blues,Nashville Predators,1,2007,Scottrade Center,"St. Louis, Missouri",,"22,000",NHL
Detroit Red Wings,Boston Bruins,1,2009,Joe Louis Arena,"Detroit, Michigan",,"20,066",NHL
Phoenix Coyotes,Tampa Bay Lightning,1,2013,Jobing.com Arena,"Phoenix, Arizona",,"18,300",NHL
Colorado Avalanche,Calgary Flames,1,2015,Pepsi Center,"Denver, Colorado",,"21,000",NHL
Columbus Blue Jackets,Minnesota Wild,1,2003,Nationwide Arena,"Columbus, Ohio",,"18,500",NHL
Carolina Hurricanes,Arizona Coyotes,1,2020,PNC Arena,"Raleigh, North Carolina",,"20,000",NHL
Anaheim Ducks,Detroit Red Wings,0,2006,Arrowhead Pond,"Anaheim, California",,"18,336",NHL
Buffalo Sabres,Anaheim Ducks,0,2013,First Niagara Center,"Buffalo, New York",,"19,200",NHL
Nashville Predators,Detroit Red Wings,1,2007,Sommet Center,"Nashville, Tennessee",,"20,000",NHL
New Jersey Devils,NY Rangers Rangers,1,2007,Continental Airlines Arena,"Newark, New Jersey",,"20,049",NHL
Boston Bruins,Colorado Avalanche,0,2013,TD Garden,"Boston, Massachusetts",,"19,580",NHL
Calgary Flames,Philadelphia Flyers,1,2015,Scotiabank Saddledome,"Calgary, Alberta",,"19,289",NHL
Vancouver Canucks,Colorado Avalanche,0,2008,General Motors Place,"Vancouver, British Columbia",,"19,700",NHL
Edmonton Oilers,St Louis Blues,0,2009,Rexall Place,"Edmonton, Alberta",,"17,100",NHL
Dallas Stars,San Jose Sharks,1,2017,American Airlines Center,"Dallas, Texas",,"20,000",NHL
Edmonton Oilers,Detroit Red Wings,0,2011,Rexall Place,"Edmonton, Alberta",,"17,100",NHL
St Louis Blues,Columbus Blue Jackets,1,2006,Savvis Center,"St. Louis, Missouri",,"22,000",NHL
Calgary Flames,New Jersey Devils,1,2013,Scotiabank Saddledome,"Calgary, Alberta",,"19,289",NHL
Montreal Canadiens,Pittsburgh Penguins,0,2020,Centre Bell,"Montréal, Quebec",,"21,000",NHL
Minnesota Wild,St Louis Blues,1,2017,Xcel Energy Center,"Saint Paul, Minnesota",,"20,554",NHL
Colorado Avalanche,Dallas Stars,1,2018,Pepsi Center,"Denver, Colorado",,"21,000",NHL
Phoenix Coyotes,Vancouver Canucks,0,2009,Jobing.com Arena,"Phoenix, Arizona",,"18,300",NHL
Phoenix Coyotes,Columbus Blue Jackets,1,2006,Jobing.com Arena,"Phoenix, Arizona",,"18,300",NHL
NY Islanders Islanders,Vancouver Canucks,0,2013,Nassau Coliseum,"New York, New York",,"14,500",NHL
NY Islanders Islanders,Ottawa Senators,0,2011,Nassau Coliseum,"New York, New York",,"14,500",NHL
Atlanta Thrashers,Toronto Maple Leafs,1,2011,Philips Arena,"Atlanta, Georgia",,"17,624",NHL
Buffalo Sabres,Boston Bruins,0,2017,KeyBank Center,"Buffalo, New York",,"19,200",NHL
Pittsburgh Penguins,Philadelphia Flyers,1,2019,PPG Paints Arena,"Pittsburgh, Pennsylvania",,"19,758",NHL
Boston Bruins,Calgary Flames,0,2020,TD Garden,"Boston, Massachusetts",,"19,580",NHL
Nashville Predators,Carolina Hurricanes,0,2020,Bridgestone Arena,"Nashville, Tennessee",,"20,000",NHL
NY Islanders Islanders,New Jersey Devils,0,2012,Nassau Coliseum,"New York, New York",,"14,500",NHL
Pittsburgh Penguins,Minnesota Wild,0,2005,Mellon Arena,"Pittsburgh, Pennsylvania",,"17,181",NHL
Vegas Golden Knights,San Jose Sharks,1,2018,T-Mobile Arena,"Las Vegas, Nevada",,"17,500",NHL
Washington Capitals,Philadelphia Flyers,1,2019,Capital One Arena,"Washington, D.C.",,"20,000",NHL
Tampa Bay Lightning,Washington Capitals,0,2019,Amalie Arena,"Tampa Bay, Florida",,"21,500",NHL
Edmonton Oilers,Pittsburgh Penguins,0,2007,Rexall Place,"Edmonton, Alberta",,"17,100",NHL
Columbus Blue Jackets,Pittsburgh Penguins,1,2019,Nationwide Arena,"Columbus, Ohio",,"18,500",NHL
Phoenix Coyotes,Nashville Predators,1,2010,Jobing.com Arena,"Phoenix, Arizona",,"18,300",NHL
NY Rangers Rangers,New Jersey Devils,1,2006,Madison Square Garden,"New York, New York",,"20,789",NHL
Columbus Blue Jackets,Phoenix Coyotes,0,2003,Nationwide Arena,"Columbus, Ohio",,"18,500",NHL
Winnipeg Jets,NY Rangers Rangers,0,2014,MTS Centre,"Winnipeg, Manitoba",,"16,345",NHL
Buffalo Sabres,Toronto Maple Leafs,1,2003,HSBC Arena,"Buffalo, New York",,"19,200",NHL
Los Angeles Kings,Phoenix Coyotes,1,2011,STAPLES Center,"Los Angeles, California",,"20,000",NHL
Anaheim Ducks,NY Islanders Islanders,0,2004,Arrowhead Pond,"Anaheim, California",,"18,336",NHL
Colorado Avalanche,Vancouver Canucks,0,2014,Pepsi Center,"Denver, Colorado",,"21,000",NHL
New Jersey Devils,NY Islanders Islanders,0,2007,Prudential Center,"Newark, New Jersey",,"19,500",NHL
Minnesota Wild,San Jose Sharks,0,2008,Xcel Energy Center,"Saint Paul, Minnesota",,"20,554",NHL
Pittsburgh Penguins,Chicago Blackhawks,1,2007,Mellon Arena,"Pittsburgh, Pennsylvania",,"17,181",NHL
Carolina Hurricanes,Minnesota Wild,1,2019,PNC Arena,"Raleigh, North Carolina",,"20,000",NHL
St Louis Blues,Dallas Stars,0,2008,Scottrade Center,"St. Louis, Missouri",,"22,000",NHL
Detroit Red Wings,Nashville Predators,1,2011,Joe Louis Arena,"Detroit, Michigan",,"20,066",NHL
Arizona Coyotes,Carolina Hurricanes,0,2017,Gila River Arena,"Phoenix, Arizona",,"18,300",NHL
Dallas Stars,Buffalo Sabres,1,2017,American Airlines Center,"Dallas, Texas",,"20,000",NHL
NY Rangers Rangers,Florida Panthers,1,2018,Madison Square Garden,"New York, New York",,"20,789",NHL
Nashville Predators,Calgary Flames,0,2017,Bridgestone Arena,"Nashville, Tennessee",,"20,000",NHL
Winnipeg Jets,Colorado Avalanche,1,2019,Bell MTS Place,"Winnipeg, Manitoba",,"16,345",NHL
Minnesota Wild,St Louis Blues,0,2017,Xcel Energy Center,"Saint Paul, Minnesota",,"20,554",NHL
Atlanta Thrashers,Tampa Bay Lightning,0,2009,Philips Arena,"Atlanta, Georgia",,"17,624",NHL
Ottawa Senators,Boston Bruins,1,2013,Canadian Tire Centre,"Ottawa, Ontario",,"18,652",NHL
New Jersey Devils,San Jose Sharks,1,2020,Prudential Center,"Newark, New Jersey",,"19,500",NHL
Dallas Stars,Anaheim Ducks,0,2010,American Airlines Center,"Dallas, Texas",,"20,000",NHL
Dallas Stars,Colorado Avalanche,1,2008,American Airlines Center,"Dallas, Texas",,"20,000",NHL
Calgary Flames,Anaheim Ducks,0,2015,Scotiabank Saddledome,"Calgary, Alberta",,"19,289",NHL
St Louis Blues,Minnesota Wild,1,2012,Scottrade Center,"St. Louis, Missouri",,"22,000",NHL
NY Islanders Islanders,Vegas Golden Knights,1,2019,NYCB Live/Nassau Coliseum,"New York, New York",,"14,500",NHL
Buffalo Sabres,NY Islanders Islanders,1,2016,KeyBank Center,"Buffalo, New York",,"19,200",NHL
Philadelphia Flyers,Nashville Predators,0,2017,Wells Fargo Center,"Philadelphia, Pennsylvania",,"20,306",NHL
Colorado Avalanche,Vancouver Canucks,0,2006,Pepsi Center,"Denver, Colorado",,"21,000",NHL
St Louis Blues,Chicago Blackhawks,1,2014,Scottrade Center,"St. Louis, Missouri",,"22,000",NHL
Phoenix Coyotes,Detroit Red Wings,1,2013,Jobing.com Arena,"Phoenix, Arizona",,"18,300",NHL
St Louis Blues,Pittsburgh Penguins,0,2018,Enterprise Center,"St. Louis, Missouri",,"22,000",NHL
Winnipeg Jets,St Louis Blues,0,2019,Bell MTS Place,"Winnipeg, Manitoba",,"16,345",NHL
Philadelphia Flyers,Pittsburgh Penguins,0,2006,Wachovia Center,"Philadelphia, Pennsylvania",,"20,306",NHL
Los Angeles Kings,San Jose Sharks,0,2006,STAPLES Center,"Los Angeles, California",,"20,000",NHL
Colorado Avalanche,Vancouver Canucks,0,2012,Pepsi Center,"Denver, Colorado",,"21,000",NHL
Edmonton Oilers,Vancouver Canucks,1,2008,Rexall Place,"Edmonton, Alberta",,"17,100",NHL
Calgary Flames,San Jose Sharks,1,2009,Pengrowth Saddledome,"Calgary, Alberta",,"19,289",NHL
Pittsburgh Penguins,NY Islanders Islanders,1,2013,CONSOL Energy Center,"Pittsburgh, Pennsylvania",,"19,758",NHL
Toronto Maple Leafs,Philadelphia Flyers,1,2016,Air Canada Centre,"Toronto, Ontario",,"19,800",NHL
Winnipeg Jets,Phoenix Coyotes,1,2011,MTS Centre,"Winnipeg, Manitoba",,"16,345",NHL
NY Islanders Islanders,Toronto Maple Leafs,0,2011,Nassau Coliseum,"New York, New York",,"14,500",NHL
